id,provider,category,name,priceMonthly,singleLinePrice,realMonthlyCost,firstYearCost,effectiveMonthly,priceAfterPromo,promoMonths,dataGB,speed,infrastructure,requiresLines,monthlyExtras
hm-data20,הוט מובייל,cellular,דאטה בלבד 20GB,10.9,10.9,10.9,130.8,10.9,,,20GB,,,,0
hm-data150,הוט מובייל,cellular,דאטה בלבד 150GB,21.9,21.9,21.9,262.8,21.9,,,150GB,,,,0
hm-top250,הוט מובייל,cellular,TOP 250GB,29.9,29.9,29.9,358.8,29.9,,,250GB,,,2,0
hm-kosher5000,הוט מובייל,cellular,כשר 5000 דקות,26,26,26,312,26,,,ללא גלישה,,,,0
hm-fam300,הוט מובייל,cellular,5G FAMILY 300GB,35,39.9,39.9,478.8,39.9,,,300GB,,,2,0
hm-basicfam400,הוט מובייל,cellular,5G Basic Family 400GB,37,45.9,45.9,550.8,45.9,,,400GB,,,3,0
hm-gen400,הוט מובייל,cellular,5G GEN 400GB,39.9,39.9,39.9,478.8,39.9,,,400GB,,,,0
hm-kosher10000,הוט מובייל,cellular,כשר 10000 דקות,39,39,39,468,39,,,ללא גלישה,,,,0
hm-gen750,הוט מובייל,cellular,5G GEN 750GB,45.9,45.9,45.9,550.8,45.9,,,750GB,,,,0
hm-gen1500,הוט מובייל,cellular,5G GEN 1500GB,54.9,54.9,54.9,658.8,54.9,,,1500GB,,,,0
hm-extra2000,הוט מובייל,cellular,5G EXTRA 2000GB,59.9,59.9,59.9,718.8,59.9,,,2000GB,,,,0
hm-ultra2500,הוט מובייל,cellular,5G ULTRA 2500GB,69.9,69.9,69.9,838.8,69.9,,,2500GB,,,,0
hm-ultra3000,הוט מובייל,cellular,5G ULTRA Premium 3000GB,79.9,79.9,79.9,958.8,79.9,,,3000GB,,,,0
hm-fly,הוט מובייל,cellular,5G ULTRA FLY 3000GB,109.9,109.9,109.9,1318.8,109.9,,,3000GB,,,,0
hm-topfam1200,הוט מובייל,cellular,TOP Family 1200GB,30,30,30,360,30,,,1200GB,,,3,0
pele-xl300,פלאפון,cellular,300GB XL משפחתי,29.9,29.9,29.9,358.8,29.9,,,300GB,,,2,0
pele-2000disney,פלאפון,cellular,5G 2000GB + Disney+,74.9,74.9,74.9,998.8,83.23,84.9,2,2000GB,,,,0
pele-data1000,פלאפון,cellular,Data SIM 1000GB,59.9,59.9,59.9,718.8,59.9,,,1000GB,,,,0
pele-value400,פלאפון,cellular,Value 400GB,39.9,39.9,39.9,478.8,39.9,,,400GB,,,,0
pele-route1000,פלאפון,cellular,5G Route 1000GB,39.9,39.9,39.9,578.8,48.23,49.9,2,1000GB,,,,0
pele-vip2000,פלאפון,cellular,5G Max VIP 2000GB,49.9,49.9,49.9,748.8,62.4,64.9,2,2000GB,,,,0
pele-social4000,פלאפון,cellular,5G Max Social 4000GB,49.9,49.9,49.9,798.8,66.57,69.9,2,4000GB,,,,0
pele-vipplus3000,פלאפון,cellular,5G Max VIP Plus 3000GB,59.9,59.9,59.9,868.8,72.4,74.9,2,3000GB,,,,0
pele-global,פלאפון,cellular,5G Max VIP Global 3000GB,129,129,129,1548,129,,,3000GB,,,,0
pele-kosher,פלאפון,cellular,מסלול כשר,29,29,29,348,29,,,ללא גלישה,,,,0
pele-data10,פלאפון,cellular,Data SIM 10GB,19.9,19.9,19.9,238.8,19.9,,,10GB,,,,0
pele-data100,פלאפון,cellular,Data SIM 100GB,39.9,39.9,39.9,478.8,39.9,,,100GB,,,,0
pele-data500,פלאפון,cellular,Data SIM 500GB,49.9,49.9,49.9,598.8,49.9,,,500GB,,,,0
cell-kosher,סלקום,cellular,חבילה כשרה,29,29,29,348,29,49,24,ללא גלישה,,,,0
cell-data200,סלקום,cellular,דאטה בלבד 200GB,29.9,29.9,29.9,358.8,29.9,,,200GB,,,,0
cell-fam400,סלקום,cellular,400GB משפחתי,34.9,39.9,39.9,478.8,39.9,69.9,12,400GB,,,3,0
cell-data400,סלקום,cellular,דאטה בלבד 400GB,34.9,34.9,34.9,418.8,34.9,,,400GB,,,,0
cell-basic500,סלקום,cellular,Basic 500GB,44.9,44.9,44.9,538.8,44.9,,,500GB,,,,0
cell-pro1000,סלקום,cellular,1000GB 5G Pro,54.9,59.9,59.9,718.8,59.9,,,1000GB,,,3,0
cell-800,סלקום,cellular,800GB 5G,59.9,59.9,59.9,718.8,59.9,,,800GB,,,,0
cell-procare1500,סלקום,cellular,1500GB 5G Pro Care,69.9,69.9,69.9,838.8,69.9,,,1500GB,,,,0
cell-profly1500,סלקום,cellular,1500GB 5G Pro Fly,119.9,119.9,119.9,1438.8,119.9,,,1500GB,,,,0
part-kosher,פרטנר,cellular,מסלול כשר,29.9,29.9,29.9,358.8,29.9,44.9,36,ללא גלישה,,,,0
part-prince400,פרטנר,cellular,Prince 400GB,39.9,39.9,39.9,478.8,39.9,59.9,12,400GB,,,2,0
part-golden500,פרטנר,cellular,Golden 5G 500GB,39.9,39.9,39.9,478.8,39.9,59.9,12,500GB,,,,0
part-queen500,פרטנר,cellular,Queen 5G 500GB,39.9,39.9,39.9,568.8,47.4,49.9,3,500GB,,,,0
part-royal800,פרטנר,cellular,Royal 5G 800GB,39.9,39.9,39.9,478.8,39.9,49.9,12,800GB,,,,0
part-king800,פרטנר,cellular,King 5G 800GB,59.9,59.9,59.9,718.8,59.9,,,800GB,,,,0
part-ace1000,פרטנר,cellular,Ace 5G 1000GB,69.9,69.9,69.9,838.8,69.9,,,1000GB,,,,0
part-boost1500,פרטנר,cellular,Boost 5G 1500GB,69.9,69.9,69.9,838.8,69.9,,,1500GB,,,,0
golan-350,גולן טלקום,cellular,350GB,29.9,29.9,29.9,358.8,29.9,,,350GB,,,,0
golan-fam500,גולן טלקום,cellular,משפחתי 500GB לקו,33,49,49,588,49,,,500GB,,,3,0
golan-300,גולן טלקום,cellular,300GB,34.9,34.9,34.9,418.8,34.9,,,300GB,,,,0
golan-400,גולן טלקום,cellular,400GB,39,39,39,468,39,,,400GB,,,,0
golan-750,גולן טלקום,cellular,750GB 5G,39,39,39,558,46.5,49,3,750GB,,,,0
golan-1500,גולן טלקום,cellular,1500GB 5G VIP,49,49,49,688,57.33,59,2,1500GB,,,,0
rl-300,רמי לוי,cellular,300GB אקסטרים,35,35,35,420,35,45,24,300GB,,,,0
rl-500g,רמי לוי,cellular,500GB Global 5G,50,50,50,600,50,,,500GB,,,,0
rl-1000,רמי לוי,cellular,1000GB אקסטרים,55,55,55,660,55,60,24,1000GB,,,,0
rl-250max,רמי לוי,cellular,250GB MAX,26.9,26.9,26.9,322.8,26.9,,,250GB,,,,0
rl-vip2,רמי לוי,cellular,VIP 2 קווים — 200GB לקו,20,26.9,26.9,322.8,26.9,,,200GB,,,2,0
rl-fam5,רמי לוי,cellular,משפחתי 5 קווים — 300GB לקו,19.8,26.9,26.9,322.8,26.9,,,300GB,,,5,0
rl-kosher10k,רמי לוי,cellular,"MAX כשר 10,000 דקות",16.9,16.9,16.9,202.8,16.9,20,24,ללא גלישה,,,,0
019-12,019 מובייל,cellular,לכל החיים 12GB,19.8,19.8,19.8,237.6,19.8,,,12GB,,,,0
019-30,019 מובייל,cellular,בול בפוני 30GB,21.9,21.9,21.9,262.8,21.9,,,30GB,,,,0
019-170,019 מובייל,cellular,הגזמנו 170GB 5G,25.9,25.9,25.9,310.8,25.9,,,170GB,,,,0
019-100,019 מובייל,cellular,WE LOVE IT 100GB,29.9,29.9,29.9,358.8,29.9,39.9,36,100GB,,,,0
019-bigtime200,019 מובייל,cellular,BIG TIME 200GB,31.8,31.8,31.8,381.6,31.8,41.8,36,200GB,,,,0
019-300,019 מובייל,cellular,BIG DATA 300GB,39.9,39.9,39.9,478.8,39.9,,,300GB,,,,0
we4g-data500,We4G,cellular,Data Only 500GB,19.9,19.9,19.9,238.8,19.9,,,500GB,,,,0
we4g-data500-5g,We4G,cellular,Data Only 500GB 5G,29.9,29.9,29.9,358.8,29.9,,,500GB,,,,0
we4g-fam500,We4G,cellular,משפחתי 500GB,29.9,34.9,34.9,418.8,34.9,,,500GB,,,2,0
we4g-basic150,We4G,cellular,wecom Basic 150GB,32.9,32.9,32.9,394.8,32.9,,,150GB,,,,0
we4g-free5g,We4G,cellular,Free 5G ללא הגבלה,35,35,35,420,35,,,ללא הגבלה,,,,0
we4g-global,We4G,cellular,wecom Global 5G,59.9,59.9,59.9,718.8,59.9,,,ללא הגבלה,,,,0
hot-fiber600,הוט,internet,Fiber AI 600,99,99,99,1188,99,,,,600/60 מגה,סיבים הוט,,0
hot-fiber1000,הוט,internet,Fiber AI 1000,54,54,54,1198,99.83,109,2,,1000/100 מגה,סיבים הוט,,0
hot-fiber1000up,הוט,internet,Fiber AI 1000 (העלאה 250),84,84,84,1558,129.83,139,2,,1000/250 מגה,סיבים הוט,,0
hot-fiber2000,הוט,internet,Fiber AI 2000,164,164,164,1968,164,,,,2000/250 מגה,סיבים הוט,,0
bez-300,בזק,internet,Bfiber 300,109,109,109,1308,109,140.1,12,,300/100 מגה,סיבים בזק,,0
bez-1000,בזק,internet,Bfiber 1000,99,99,99,1428,119,139,6,,1000/100 מגה,סיבים בזק,,0
bez-1000up,בזק,internet,Bfiber 1000 (העלאה 250),149,149,149,1788,149,170.4,12,,1000/250 מגה,סיבים בזק,,0
bez-2500,בזק,internet,Bfiber 2500,99,99,99,1434,119.5,140,6,,2500/250 מגה,סיבים בזק,,0
bez-5000,בזק,internet,Multi Fiber 5000,179,179,179,2148,179,200.5,12,,5000/500 מגה,סיבים בזק,,0
part-fiber300,פרטנר,internet,סיבים 300,90,90,90,1080,90,,,,300/30 מגה,סיבים פרטנר,,0
part-fiber600,פרטנר,internet,סיבים 600,69,69,94,1438,119.83,100,2,,600/100 מגה,סיבים פרטנר,,25
part-fiber1000,פרטנר,internet,סיבים 1000,39,39,39,1468,122.33,139,2,,1000/100 מגה,סיבים פרטנר,,0
part-fiber2500,פרטנר,internet,סיבים 2500,149,149,149,1788,149,169,18,,2500/250 מגה,סיבים פרטנר,,0
part-fiber5000,פרטנר,internet,סיבים 5000,209,209,209,2508,209,,,,5000/500 מגה,סיבים פרטנר,,0
cell-fiber1000,סלקום,internet,סיבים 1000,119,119,119,1428,119,,,,1000/100 מגה,סיבים סלקום,,0
cell-fiber2500,סלקום,internet,סיבים 2500,99,99,128.9,1756.8,146.4,129,5,,2500/250 מגה,סיבים סלקום,,29.9
cell-superup1000,סלקום,internet,Super Upload 1Gb,129,129,129,1548,129,,,,1000/250 מגה,סיבים סלקום,,0
cell-net100,סלקום,internet,אינטרנט ביתי 100/5,59,59,59,1108,92.33,99,2,,100/5 מגה,נחושת (לא סיבים),,0
cell-fiber5000,סלקום,internet,סיבים 5000,189,189,228.9,2746.8,228.9,,,,5000/500 מגה,סיבים סלקום,,39.9
xp-300,אקספון,internet,אינטרנט 300,99.99,99.99,99.99,1199.88,99.99,,,,300/100 מגה,תשתית + ספק,,0
xp-500,אקספון,internet,אינטרנט 500,99.99,99.99,99.99,1199.88,99.99,,,,500/50 מגה,סיבים Unlimited,,0
xp-1000,אקספון,internet,אינטרנט 1000,122,122,122,1464,122,,,,1000/100 מגה,סיבים Unlimited,,0
xp-forever500,אקספון,cellular,FOREVER PLUS 500GB,29.9,29.9,29.9,358.8,29.9,,,500GB,,,,0
xp-forever5g,אקספון,cellular,FOREVER PLUS 5G 500GB,34.9,34.9,34.9,418.8,34.9,,,500GB,,,,0
xp-collect750,אקספון,cellular,צוברים וגולשים 5G 750GB,39.9,39.9,39.9,478.8,39.9,44.9,12,750GB,,,,0
xp-young50,אקספון,cellular,Young 50GB,24.9,24.9,24.9,298.8,24.9,29.9,12,50GB,,,,0
xp-net200,אקספון,internet,Simple Net 200,99.99,99.99,99.99,1199.88,99.99,,,,200/20 מגה,נחושת בזק (VDSL),,0
019-fiber1000,019 מובייל,internet,סיבים 1000,90,90,109,1308,109,,,,1000/100 מגה,סיבים Unlimited,,19
019-fiber300,019 מובייל,internet,סיבים 300,70,70,70,840,70,,,,300/100 מגה,סיבים Unlimited,,0
019-fiber500,019 מובייל,internet,סיבים 500,80,80,80,960,80,,,,500/50 מגה,סיבים Unlimited,,0
rimon-fiber1000,רימון,internet,סיבים מסונן 1000,135,135,135,1740,145,155,6,,1000/100 מגה,סיבים בזק,,0
rimon-net100,רימון,internet,אינטרנט מסונן 200,109.9,109.9,109.9,1318.8,109.9,,,,200/50 מגה,נחושת בזק (VDSL),,0
hot-nexttv-basic,הוט,tv,NEXT TV — בסיסית,29.9,29.9,29.9,858.8,71.57,79.9,2,,,,,0
hot-nexttv-plus,הוט,tv,NEXT TV — מורחבת,69.9,69.9,94.8,1137.6,94.8,,,,,,,24.9
yes-sting,yes,tv,yes STING TV,49,49,49,588,49,99.8,12,,,,,0
yes-ultimate,yes,tv,yes ULTIMATE,99,99,99,1188,99,199,12,,,,,0
yes-hbo,yes,tv,yes ULTIMATE + HBO Max,119,119,119,1428,119,248.9,12,,,,,0
yes-netflix,yes,tv,yes ULTIMATE + Netflix,149,149,149,1788,149,253.9,12,,,,,0
cell-tvapp,סלקום,tv,סלקום TV — אפליקציה,39,39,39,668,55.67,59,2,,,,,0
cell-tvbox,סלקום,tv,סלקום TV+ עם ממיר,99,99,99,1188,99,,,,,,,0
part-tvnetflix,פרטנר,tv,Partner TV + Netflix,139,139,139,1668,139,,,,,,,0
sting-perfect,STING TV,tv,STING+ המושלמת,49,49,49,588,49,99.8,12,,,,,0
sting-hbo,STING TV,tv,STING+ עם HBO Max,69,69,69,828,69,,,,,,,0
sting-netflix,STING TV,tv,STING+ עם Netflix,99,99,99,1188,99,,,,,,,0
free-2,FreeTV,tv,Free 2,49.9,49.9,49.9,598.8,49.9,,,,,,,0
free-5,FreeTV,tv,Free 5,64.9,64.9,64.9,778.8,64.9,,,,,,,0
hot-triple-mondial500,הוט,bundle,טריפל מונדיאל 500,84,84,84,1858,154.83,169,2,,500 מגה,סיבים הוט,,0
hot-triple-mondial1000,הוט,bundle,טריפל מונדיאל Fiber AI 1000,84,84,84,1858,154.83,169,2,,1000/100 מגה,סיבים הוט,,0
hot-triple-hbo,הוט,bundle,טריפל HBO Max Fiber AI 1000,114,114,114,2218,184.83,199,2,,1000/100 מגה,סיבים הוט,,0
hot-triple-2000,הוט,bundle,טריפל Fiber AI 2000,114,114,114,2218,184.83,199,2,,2000/250 מגה,סיבים הוט,,0
hot-triple-5000,הוט,bundle,טריפל Fiber AI 5000,224,224,224,3538,294.83,309,2,,5000/1000 מגה,סיבים הוט,,0
yes-triple-sting,yes,bundle,STING TV + סיבים 1000,149,149,149,1788,149,209,12,,1000 מגה,סיבים בזק,,0
yes-triple-ultimate,yes,bundle,yes ULTIMATE + סיבים 1000,199,199,199,2388,199,309,12,,1000 מגה,סיבים בזק,,0
yes-triple-2500,yes,bundle,yes ULTIMATE + סיבים 2500,239,239,239,2868,239,334,12,,2500 מגה,סיבים בזק,,0
yes-triple-netflix,yes,bundle,yes + Netflix + סיבים 1000,269,269,269,3228,269,,12,,1000 מגה,סיבים בזק,,0
cell-triple1000,סלקום,bundle,טריפל סיבים 1000,79,79,79,1668,139,159,3,,1000 מגה,סיבים סלקום,,0
cell-triple100,סלקום,bundle,טריפל Basic 100,149,149,149,1788,149,,,,100 מגה,סיבים סלקום,,0
cell-triple2500,סלקום,bundle,טריפל סיבים 2500,179,179,179,2148,179,,,,2500 מגה,סיבים סלקום,,0
cell-triple5000,סלקום,bundle,טריפל סיבים 5000,269,269,269,3228,269,,,,5000 מגה,סיבים סלקום,,0
part-triple300,פרטנר,bundle,טריפל 300,159,159,159,1908,159,,,,300 מגה,סיבים פרטנר,,0
part-triple1000,פרטנר,bundle,טריפל 1000,175,175,175,2100,175,195,18,,1000 מגה,סיבים פרטנר,,0
part-triple300nf,פרטנר,bundle,טריפל 300 + Netflix,195,195,195,2340,195,,,,300 מגה,סיבים פרטנר,,0
part-triple1000nf,פרטנר,bundle,טריפל 1000/250 + Netflix,235,235,235,2820,235,,,,1000/250 מגה,סיבים פרטנר,,0
sting-triple1000,STING TV,bundle,STING+ + סיבים 1000,149,149,149,1788,149,209,12,,1000 מגה,סיבים,,0
sting-triple-hbo,STING TV,bundle,STING+ + סיבים 1000 + HBO Max,169,169,169,2028,169,258.9,12,,1000 מגה,סיבים,,0
